customer_id,total_amount
1,2807.9900000000002
2,19873.66
3,671.44
4,5261.27
5,615.79
6,2147.14
7,13462.66
8,6203.139999999999
9,8906.65
10,9646.82
11,6458.110000000001
12,1581.7
13,20900.329999999998
14,17713.93
15,6711.94
16,4114.91
17,9752.16
18,4335.85
19,15694.990000000002
20,8817.27
22,775.34
23,15334.4
24,8653.67
25,3461.2
26,17660.92
27,5471.36
28,7489.99
29,17932.7
30,4698.89
31,4458.78
32,2797.04
33,2918.46
34,16954.87
